Ops,Gateway,Domain,Subscriber,Destination,Description
2,,,,8531638,Macao
2,,,,8531628,Macao
2,,,,8531119,Macao
2,,,,8531118,Macao
2,,,,8531000,Macao
2,,,,853,Macao
2,,,,8529,Hong Kong mobiel
2,,,,8527,Hong Kong mobiel
2,,,,8526,Hong Kong mobiel
2,,,,85249,Hong Kong mobiel
2,,,,85248,Hong Kong mobiel
2,,,,85217,Hong Kong mobiel
2,,,,852,Hong Kong
2,,,,850,Noord Korea
2,,,,849,Vietnam mobiel
2,,,,8480,Vietnam mobiel
2,,,,848,Vietnam (Ho Chi Minh Stad)
2,,,,84,Vietnam
2,,,,8267,Zuid Korea mobiel
2,,,,8227,Zuid Korea mobiel
2,,,,822,Noord Korea (Seoul)
2,,,,8215,Zuid Korea mobiel
2,,,,8212,Zuid Korea mobiel
2,,,,821,Zuid Korea mobiel
2,,,,82,Zuid Korea
2,,,,8198,Japan (Okinawa)
2,,,,8190,Japan mobiel
2,,,,8180,Japan mobiel
2,,,,8170,Japan mobiel
2,,,,8161,Japan mobiel
2,,,,816,Japan (Osaka)
2,,,,8131,Japan mobiel
2,,,,8130,Japan mobiel
2,,,,81,Japan
2,,,,813,Japan (Tokyo)
2,,,,8081,Wake Eiland
2,,,,7961,Rusland mobiel
2,,,,795,Rusland (Moskou)
2,,,,7903,Rusland mobiel
2,,,,7902,Rusland mobiel
2,,,,7901,Rusland mobiel
2,,,,781296,Rusland mobiel
2,,,,781294,Rusland mobiel
2,,,,781293,Rusland mobiel
2,,,,78129,Rusland (St. Petersburg)
2,,,,78128,Rusland (St. Petersburg)
2,,,,491511,Duitsland mobiel
2,,,,491505,Duitsland mobiel
2,,,,49,Duitsland
2,,,,4890,Polen mobiel
2,,,,48692,Polen mobiel
2,,,,48691,Polen mobiel
2,,,,4869,Polen mobiel
2,,,,48642,Polen mobiel
2,,,,48609,Polen mobiel
2,,,,48608,Polen mobiel
2,,,,48607,Polen mobiel
2,,,,48606,Polen mobiel
2,,,,48605,Polen mobiel
2,,,,48604,Polen mobiel
2,,,,48603,Polen mobiel
2,,,,48602,Polen mobiel
2,,,,48601,Polen mobiel
2,,,,48600,Polen mobiel
2,,,,4860,Polen mobiel
2,,,,48505,Polen mobiel
2,,,,48504,Polen mobiel
2,,,,48503,Polen mobiel
2,,,,48502,Polen mobiel
2,,,,48501,Polen mobiel
2,,,,4850,Polen mobiel
2,,,,4839,Polen mobiel
2,,,,4822,Polen (Warsaw)
2,,,,4812,Polen (Krakow)
2,,,,48,Polen
2,,,,4799,Noorwegen mobiel
2,,,,4798,Noorwegen mobiel
2,,,,4797,Noorwegen mobiel
2,,,,4796,Noorwegen mobiel
2,,,,4795,Noorwegen mobiel
2,,,,4794,Noorwegen mobiel
2,,,,4793,Noorwegen mobiel
2,,,,4792,Noorwegen mobiel
2,,,,4791,Noorwegen mobiel
2,,,,4790,Noorwegen mobiel
2,,,,4748,Noorwegen mobiel
2,,,,4747,Noorwegen mobiel
2,,,,4745,Noorwegen mobiel
2,,,,4741,Noorwegen mobiel
2,,,,4740,Noorwegen mobiel
2,,,,472,Noorwegen (Oslo)
2,,,,47,Noorwegen
2,,,,468,Zweden (Stockholm)
2,,,,46739,Zweden mobiel
2,,,,467389,Zweden mobiel
2,,,,467388,Zweden mobiel
2,,,,467387,Zweden mobiel
2,,,,467386,Zweden mobiel
2,,,,467385,Zweden mobiel
2,,,,467384,Zweden mobiel
2,,,,467383,Zweden mobiel
2,,,,467382,Zweden mobiel
2,,,,467381,Zweden mobiel
2,,,,467380,Zweden mobiel
2,,,,467379,Zweden mobiel
2,,,,467378,Zweden mobiel
2,,,,467377,Zweden mobiel
2,,,,467376,Zweden mobiel
2,,,,467375,Zweden mobiel
2,,,,467374,Zweden mobiel
2,,,,467373,Zweden mobiel
2,,,,467372,Zweden mobiel
2,,,,467371,Zweden mobiel
2,,,,467370,Zweden mobiel
2,,,,46736,Zweden mobiel
2,,,,46735,Zweden mobiel
2,,,,46734,Zweden mobiel
2,,,,46733,Zweden mobiel
2,,,,46732,Zweden mobiel
2,,,,46731,Zweden mobiel
2,,,,467309,Zweden mobiel
2,,,,467308,Zweden mobiel
2,,,,467307,Zweden mobiel
2,,,,467306,Zweden mobiel
2,,,,467305,Zweden mobiel
2,,,,467304,Zweden mobiel
2,,,,467303,Zweden mobiel
2,,,,467302,Zweden mobiel
2,,,,467301,Zweden mobiel
2,,,,467300,Zweden mobiel
2,,,,46709,Zweden mobiel
2,,,,46708,Zweden mobiel
2,,,,46707,Zweden mobiel
2,,,,46706,Zweden mobiel
2,,,,46705,Zweden mobiel
2,,,,46704,Zweden mobiel
2,,,,46703,Zweden mobiel
2,,,,46702,Zweden mobiel
2,,,,46701,Zweden mobiel
2,,,,46700,Zweden mobiel
2,,,,4640,Zweden (Malmo)
2,,,,4631,Zweden (Gothenburg)
2,,,,46252,Zweden mobiel
2,,,,46124,Zweden mobiel
2,,,,4610,Zweden mobiel
2,,,,46,Zweden
2,,,,45613,Denemarken mobiel
2,,,,45612,Denemarken mobiel
2,,,,45611,Denemarken mobiel
2,,,,4551,Denemarken mobiel
2,,,,45409,Denemarken mobiel
2,,,,45408,Denemarken mobiel
2,,,,45407,Denemarken mobiel
2,,,,45406,Denemarken mobiel
2,,,,45405,Denemarken mobiel
2,,,,45404,Denemarken mobiel
2,,,,45403,Denemarken mobiel
2,,,,45402,Denemarken mobiel
2,,,,45401,Denemarken mobiel
2,,,,4530,Denemarken mobiel
2,,,,453,Denemarken (Kopenhagen)
2,,,,4529,Denemarken mobiel
2,,,,4528,Denemarken mobiel
2,,,,4527,Denemarken mobiel
2,,,,4526,Denemarken mobiel
2,,,,45259,Denemarken mobiel
2,,,,45257,Denemarken mobiel
2,,,,45255,Denemarken mobiel
2,,,,45254,Denemarken mobiel
2,,,,45253,Denemarken mobiel
2,,,,45252,Denemarken mobiel
2,,,,45251,Denemarken mobiel
2,,,,4524,Denemarken mobiel
2,,,,4523,Denemarken mobiel
2,,,,4522,Denemarken mobiel
2,,,,4521,Denemarken mobiel
2,,,,45209,Denemarken mobiel
2,,,,45208,Denemarken mobiel
2,,,,45207,Denemarken mobiel
2,,,,45206,Denemarken mobiel
2,,,,45205,Denemarken mobiel
2,,,,45204,Denemarken mobiel
2,,,,45203,Denemarken mobiel
2,,,,45202,Denemarken mobiel
2,,,,45201,Denemarken mobiel
2,,,,45,Denemarken
2,,,,447990,VK mobiel
2,,,,447989,VK mobiel
2,,,,447987,VK mobiel
2,,,,447986,VK mobiel
2,,,,447985,VK mobiel
2,,,,447984,VK mobiel
2,,,,447980,VK mobiel
2,,,,447979,VK mobiel
2,,,,447977,VK mobiel
2,,,,447976,VK mobiel
2,,,,447974,VK mobiel
2,,,,447973,VK mobiel
2,,,,447971,VK mobiel
2,,,,447970,VK mobiel
2,,,,447968,VK mobiel
2,,,,447967,VK mobiel
2,,,,447966,VK mobiel
2,,,,447962,VK mobiel
2,,,,447961,VK mobiel
2,,,,447960,VK mobiel
2,,,,44795,VK mobiel
2,,,,44794,VK mobiel
2,,,,44793,VK mobiel
2,,,,447929,VK mobiel
2,,,,447909,VK mobiel
2,,,,447905,VK mobiel
2,,,,447904,VK mobiel
2,,,,447903,VK mobiel
2,,,,447901,VK mobiel
2,,,,447900,VK mobiel
2,,,,447899,VK mobiel
2,,,,447890,VK mobiel
2,,,,447889,VK mobiel
2,,,,447887,VK mobiel
2,,,,447885,VK mobiel
2,,,,447884,VK mobiel
2,,,,447881,VK mobiel
2,,,,447880,VK mobiel
2,,,,447879,VK mobiel
2,,,,447876,VK mobiel
2,,,,447870,VK mobiel
2,,,,447867,VK mobiel
2,,,,447866,VK mobiel
2,,,,447860,VK mobiel
2,,,,447855,VK mobiel
2,,,,447850,VK mobiel
2,,,,447836,VK mobiel
2,,,,447833,VK mobiel
2,,,,447831,VK mobiel
2,,,,447818,VK mobiel
2,,,,447817,VK mobiel
2,,,,447816,VK mobiel
2,,,,447815,VK mobiel
2,,,,447814,VK mobiel
2,,,,447813,VK mobiel
2,,,,447812,VK mobiel
2,,,,447811,VK mobiel
2,,,,447810,VK mobiel
2,,,,447809,VK mobiel
2,,,,447808,VK mobiel
2,,,,447803,VK mobiel
2,,,,447802,VK mobiel
2,,,,447801,VK mobiel
2,,,,447800,VK mobiel
2,,,,447799,VK mobiel
2,,,,447798,VK mobiel
2,,,,447797,VK mobiel
2,,,,447796,VK mobiel
2,,,,447792,VK mobiel
2,,,,447791,VK mobiel
2,,,,447790,VK mobiel
2,,,,447789,VK mobiel
2,,,,447788,VK mobiel
2,,,,447787,VK mobiel
2,,,,447786,VK mobiel
2,,,,447785,VK mobiel
2,,,,447781,VK mobiel
2,,,,447780,VK mobiel
2,,,,447779,VK mobiel
2,,,,447778,VK mobiel
2,,,,447776,VK mobiel
2,,,,447775,VK mobiel
2,,,,447774,VK mobiel
2,,,,447773,VK mobiel
2,,,,447771,VK mobiel
2,,,,447770,VK mobiel
2,,,,447769,VK mobiel
2,,,,447768,VK mobiel
2,,,,447767,VK mobiel
2,,,,447766,VK mobiel
2,,,,447765,VK mobiel
2,,,,447764,VK mobiel
2,,,,447763,VK mobiel
2,,,,447762,VK mobiel
2,,,,447761,VK mobiel
2,,,,447760,VK mobiel
2,,,,447759,VK mobiel
2,,,,447755,VK mobiel
2,,,,447754,VK mobiel
2,,,,447753,VK mobiel
2,,,,447752,VK mobiel
2,,,,447751,VK mobiel
2,,,,447750,VK mobiel
2,,,,447748,VK mobiel
2,,,,447747,VK mobiel
2,,,,447744,VK mobiel
2,,,,447741,VK mobiel
2,,,,447740,VK mobiel
2,,,,447736,VK mobiel
2,,,,447734,VK mobiel
2,,,,447733,VK mobiel
2,,,,447732,VK mobiel
2,,,,447731,VK mobiel
2,,,,447730,VK mobiel
2,,,,447729,VK mobiel
2,,,,447721,VK mobiel
2,,,,447720,VK mobiel
2,,,,44771,VK mobiel
2,,,,447709,VK mobiel
2,,,,447705,VK mobiel
2,,,,447703,VK mobiel
2,,,,447702,VK mobiel
2,,,,447701,VK mobiel
2,,,,442920,VK (Cardiff)
2,,,,442890,VK (Belfast)
2,,,,44208,VK (Londen 181)
2,,,,44207,VK (Londen 171)
2,,,,44181,VK (Londen 181)
2,,,,44171,VK (Londen 171)
2,,,,441624,VK (Isle Of Man)
2,,,,44161,VK (Manchester)
2,,,,441534,VK (Jersey)
2,,,,44151,VK (Liverpool)
2,,,,441481,VK (Guernsey)
2,,,,44141,VK (Glasgow)
2,,,,44131,VK (Edinburgh)
2,,,,441232,VK (Belfast)
2,,,,441222,VK (Cardiff)
2,,,,44121,VK (Birmingham)
2,,,,44118,VK (Reading)
2,,,,44115,VK (Nottingham)
2,,,,44113,VK (Leeds)
2,,,,44,Verenigd Koninkrijk
2,,,,43699,Oostenrijk mobiel
2,,,,43680,Oostenrijk mobiel
2,,,,4368,Oostenrijk mobiel
2,,,,43678,Oostenrijk mobiel
2,,,,43676,Oostenrijk mobiel
2,,,,43669,Oostenrijk mobiel
2,,,,43666,Oostenrijk mobiel
2,,,,43664,Oostenrijk mobiel
2,,,,43663,Oostenrijk mobiel
2,,,,43660,Oostenrijk mobiel
2,,,,43650,Oostenrijk mobiel
2,,,,431,Oostenrijk (Wenen)
2,,,,43,Oostenrijk
2,,,,4236,Lichtenstein mobiel
2,,,,423,Tsjechische Republiek
2,,,,421909,Slowakije mobiel
2,,,,421908,Slowakije mobiel
2,,,,421907,Slowakije mobiel
2,,,,421906,Slowakije mobiel
2,,,,421905,Slowakije mobiel
2,,,,421904,Slowakije mobiel
2,,,,421903,Slowakije mobiel
2,,,,421902,Slowakije mobiel
2,,,,421901,Slowakije mobiel
2,,,,4212,Slowakije (Bratislava)
2,,,,78125,Rusland (St. Petersburg)
2,,,,78124,Rusland (St. Petersburg)
2,,,,78123,Rusland (St. Petersburg)
2,,,,78122,Rusland (St. Petersburg)
2,,,,78121,Rusland (St. Petersburg)
2,,,,7812,Rusland (St. Petersburg)
2,,,,7571,Rusland
2,,,,7570,Rusland
2,,,,7517,Rusland
2,,,,751285,Rusland mobiel
2,,,,751121,Rusland mobiel
2,,,,7503,Rusland mobiel
2,,,,7502,Rusland mobiel
2,,,,7501,Rusland (Sovintel)
2,,,,7379,Tadzjikistan
2,,,,7377,Tadzjikistan
2,,,,7338,Rusland
2,,,,7336,Rusland
2,,,,7333,Rusland
2,,,,7330,Rusland
2,,,,732,Rusland
2,,,,731,Rusland
2,,,,7300,Rusland mobiel
2,,,,7097,Rusland mobiel
2,,,,7096,Rusland mobiel
2,,,,7,Rusland
2,,,,6998,Midway Eilanden
2,,,,692,Marshall eilanden
2,,,,691,Micronesië
2,,,,690,Tokelou
2,,,,689,Frans Polynesië
2,,,,688,Tuvalu
2,,,,68787,Nieuw Caledonië mobiel
2,,,,68786,Nieuw Caledonië mobiel
2,,,,68785,Nieuw Caledonië mobiel
2,,,,68784,Nieuw Caledonië mobiel
2,,,,68783,Nieuw Caledonië mobiel
2,,,,68782,Nieuw Caledonië mobiel
2,,,,68781,Nieuw Caledonië mobiel
2,,,,68780,Nieuw Caledonië mobiel
2,,,,68779,Nieuw Caledonië mobiel
2,,,,68778,Nieuw Caledonië mobiel
2,,,,68777,Nieuw Caledonië mobiel
2,,,,687,Nieuw Caledonië
2,,,,68630,Kiribati mobiel
2,,,,685,Samoa (West)
2,,,,684,Samoa (VS)
2,,,,683,Niue Island
2,,,,682,Cook eilanden
2,,,,681,Wallis en Futuna
2,,,,680,Palau
2,,,,67999,Fiji Eilanden mobiel
2,,,,67998,Fiji Eilanden mobiel
2,,,,67997,Fiji Eilanden mobiel
2,,,,67996,Fiji Eilanden mobiel
2,,,,67995,Fiji Eilanden mobiel
2,,,,67994,Fiji Eilanden mobiel
2,,,,67993,Fiji Eilanden mobiel
2,,,,67992,Fiji Eilanden mobiel
2,,,,67990,Fiji Eilanden mobiel
2,,,,6792142,Fiji Eilanden mobiel
2,,,,6792141,Fiji Eilanden mobiel
2,,,,679,Fiji Eilanden
2,,,,678,Vanuatu
2,,,,6778,Solomon Eilanden mobiel
2,,,,6771,Solomon Eilanden mobiel
2,,,,677,Solomon Eilanden
2,,,,67569,Papua Nieuw Guinea mobiel
2,,,,675,Papua Nieuw Guinea
2,,,,674,Nauru
2,,,,6738,Brunei Daressalaam mobiel
2,,,,673,Brunei
2,,,,6723,Norfolk eiland
2,,,,6721,Antarctica
2,,,,670,Marianen Eilanden en Saipan
2,,,,669,Thailand mobiel
2,,,,662,Thailand (Bangkok)
2,,,,661,Thailand mobiel
2,,,,66,Thailand
2,,,,659,Singapore mobiel
2,,,,65,Singapore
2,,,,649,Nieuw Zeeland (Auckland)
2,,,,648,Nieuw Zeeland mobiel
2,,,,644,Nieuw Zeeland (Wellington)
2,,,,643305,Nieuw Zeeland Chatham Eiland
2,,,,6429,Nieuw Zeeland mobiel
2,,,,6427,Nieuw Zeeland mobiel
2,,,,6426,Nieuw Zeeland mobiel
2,,,,6425,Nieuw Zeeland mobiel
2,,,,6424,Nieuw Zeeland mobiel
2,,,,6423,Nieuw Zeeland mobiel
2,,,,6422,Nieuw Zeeland mobiel
2,,,,6421,Nieuw Zeeland mobiel
2,,,,6420,Nieuw Zeeland mobiel
2,,,,64,Nieuw Zeeland
2,,,,639,Filippijnen mobiel
2,,,,632,Filippijnen (Manila)
2,,,,63,Filippijnen
2,,,,6288,Indonesië mobiel
2,,,,628681,Indonesië mobiel
2,,,,6286,Indonesië mobiel
2,,,,6285,Indonesië mobiel
2,,,,6283,Indonesië mobiel
2,,,,6282,Indonesië mobiel
2,,,,62819,Indonesië mobiel
2,,,,62818,Indonesië mobiel
2,,,,62817,Indonesië mobiel
2,,,,62816,Indonesië mobiel
2,,,,62815,Indonesië mobiel
2,,,,62814,Indonesië mobiel
2,,,,62813,Indonesië mobiel
2,,,,62812,Indonesië mobiel
2,,,,62811,Indonesië mobiel
2,,,,6228,Indonesië mobiel
2,,,,6221,Indonesië (Jakarta)
2,,,,62,Indonesië
2,,,,6189164,Christmas eiland
2,,,,6189162,Cocos eiland
2,,,,61891012,Cocos eiland
2,,,,61891011,Cocos eiland
2,,,,61891010,Cocos eiland
2,,,,61891008,Christmas eiland
2,,,,61891007,Christmas eiland
2,,,,61891006,Christmas eiland
2,,,,615,Australië mobiel
2,,,,6143,Australië mobiel
2,,,,6142,Australië mobiel
2,,,,6141,Australië mobiel
2,,,,6140,Australië mobiel
2,,,,6138,Australië (Melbourne)
2,,,,6126,Australië (Canberra)
2,,,,612,Australië (Sydney)
2,,,,6119,Australië mobiel
2,,,,6118,Australië mobiel
2,,,,6117,Australië mobiel
2,,,,6116,Australië mobiel
2,,,,6115,Australië mobiel
2,,,,6114,Australië mobiel
2,,,,61,Australië
2,,,,603,Maleisië (Kuala Loempoer)
2,,,,601,Maleisië mobiel
2,,,,60,Maleisië
2,,,,59995,Nederlandse Antillen mobiel
2,,,,59994,Nederlandse Antillen
2,,,,5998,Nederlandse Antillen mobiel
2,,,,59979,Nederlandse Antillen mobiel
2,,,,59978,Nederlandse Antillen mobiel
2,,,,5996,Nederlandse Antillen mobiel
2,,,,59959,Nederlandse Antillen mobiel
2,,,,59957,Nederlandse Antillen mobiel
2,,,,59956,Nederlandse Antillen mobiel
2,,,,59951,Nederlandse Antillen mobiel
2,,,,599,Nederlandse Antillen
2,,,,5989,Uruguay mobiel
2,,,,5982,Uruguay (Montevideo)
2,,,,598,Uruguay
2,,,,5978,Suriname mobiel
2,,,,597,Suriname
2,,,,596696,Martinique mobiel
2,,,,596,Martinique
2,,,,5959,Paraguay mobiel
2,,,,59521,Paraguay (Asuncion)
2,,,,595,Paraguay
2,,,,594694,Frans Guyana mobiel
2,,,,594,Frans Guyana
2,,,,5939,Ecuador mobiel
2,,,,5932,Ecuador (Quito)
2,,,,592,Guyana
2,,,,593,Ecuador
2,,,,5917,Bolivia mobiel
2,,,,5912,Bolivia (La Paz)
2,,,,591,Bolivia
2,,,,590690,Guadeloupe mobiel
2,,,,590,Guadeloupe
2,,,,5841,Venezuela mobiel
2,,,,58,Venezuela
2,,,,58212,Venezuela (Caracas)
2,,,,575,Colombia (Barranquilla)
2,,,,574,Colomba (Medellin)
2,,,,573,Colombia mobiel
2,,,,572,Colombia (Cali)
2,,,,571,Colombia (Bogota)
2,,,,57,Colombia
2,,,,569,Chili mobiel
2,,,,56600,Chili mobiel
2,,,,56569,Chili mobiel
2,,,,56568,Chili mobiel
2,,,,5639,Chili-Paas Eiland
2,,,,562,Chili (Santiago)
2,,,,56,Chili
2,,,,561,Chili mobiel
2,,,,55989,Brazilië mobiel
2,,,,55969,Brazilië mobiel
2,,,,55959,Brazilië mobiel
2,,,,55929,Brazilië mobiel
2,,,,55919,Brazilië mobiel
2,,,,55889,Brazilië mobiel
2,,,,55869,Brazilië mobiel
2,,,,55859,Brazilië mobiel
2,,,,55849,Brazilië mobiel
2,,,,55839,Brazilië mobiel
2,,,,55829,Brazilië mobiel
2,,,,55819,Brazilië mobiel
2,,,,55779,Brazilië mobiel
2,,,,55759,Brazilië mobiel
2,,,,55749,Brazilië mobiel
2,,,,1,Verenigde Staten
2,,,,1201,Verenigde Staten
2,,,,1202,Verenigde Staten
2,,,,1203,Verenigde Staten
2,,,,1204,Canada
2,,,,1205,Verenigde Staten
2,,,,1206,VS (Washington)
2,,,,1207,Verenigde Staten
2,,,,1208,Verenigde Staten
2,,,,1209,Verenigde Staten
2,,,,1210,Verenigde Staten
2,,,,1212,VS (New York)
2,,,,1213,VS (Los Angeles)
2,,,,1214,VS (Dallas)
2,,,,1215,VS (Philadelphia)
2,,,,1216,VS (Cleveland)
2,,,,1217,Verenigde Staten
2,,,,1218,Verenigde Staten
2,,,,1219,Verenigde Staten
2,,,,1224,Verenigde Staten
2,,,,1225,Verenigde Staten
2,,,,1228,Verenigde Staten
2,,,,1229,Verenigde Staten
2,,,,1231,Verenigde Staten
2,,,,1234,Verenigde Staten
2,,,,1240,Verenigde Staten
2,,,,1242,Bahamas
2,,,,1246,Barbados
2,,,,1246230,Barbados mobiel
2,,,,1246231,Barbados mobiel
2,,,,1246232,Barbados mobiel
2,,,,1246233,Barbados mobiel
2,,,,1246234,Barbados mobiel
2,,,,1248,Verenigde Staten
2,,,,1250,Canada
2,,,,1252,Verenigde Staten
2,,,,1253,VS (Washington)
2,,,,1254,Verenigde Staten
2,,,,1256,Verenigde Staten
2,,,,1262,Verenigde Staten
2,,,,1264,Anguila
2,,,,1267,Verenigde Staten
2,,,,1268,Antigua&Barbuda
2,,,,1268464,Antigua&Barbuda mobiel
2,,,,1268723,Antigua&Barbuda mobiel
2,,,,1268724,Antigua&Barbuda mobiel
2,,,,1268727,Antigua&Barbuda mobiel
2,,,,1268728,Antigua&Barbuda mobiel
2,,,,1268729,Antigua&Barbuda mobiel
2,,,,1268773,Antigua&Barbuda mobiel
2,,,,1270,Verenigde Staten
2,,,,1281,VS (Houston)
2,,,,1284,Britse Maagdeneilanden
2,,,,1301,Verenigde Staten
2,,,,1302,Verenigde Staten
2,,,,1303,Verenigde Staten
2,,,,1304,Verenigde Staten
2,,,,1305,VS (Miami)
2,,,,1306,Canada
2,,,,1307,Verenigde Staten
2,,,,1308,Verenigde Staten
2,,,,1309,Verenigde Staten
2,,,,1310,Verenigde Staten
2,,,,1312,VS (Chicago)
2,,,,1313,Verenigde Staten
2,,,,1314,Verenigde Staten
2,,,,1315,VS (New York)
2,,,,1316,Verenigde Staten
2,,,,1317,Verenigde Staten
2,,,,1318,Verenigde Staten
2,,,,1319,Verenigde Staten
2,,,,1320,Verenigde Staten
2,,,,1321,Verenigde Staten
2,,,,1323,Verenigde Staten
2,,,,1330,Verenigde Staten
2,,,,1331,Verenigde Staten
2,,,,1334,Verenigde Staten
2,,,,1335,Verenigde Staten
2,,,,1336,Verenigde Staten
2,,,,1337,Verenigde Staten
2,,,,1339,Verenigde Staten
2,,,,1340,Amerikaanse Maagdeneilanden
2,,,,1341,Verenigde Staten
2,,,,1345,Cayman eilanden
2,,,,1347,VS (New York)
2,,,,1351,Verenigde Staten
2,,,,1352,Verenigde Staten
2,,,,1358,Verenigde Staten
2,,,,1360,VS (Washington)
2,,,,1361,Verenigde Staten
2,,,,1369,Verenigde Staten
2,,,,1386,Verenigde Staten
2,,,,1401,Verenigde Staten
2,,,,1402,Verenigde Staten
2,,,,1403,Canada (Alberta)
2,,,,1404,VS (Atlanta)
2,,,,1405,Verenigde Staten
2,,,,1406,Verenigde Staten
2,,,,1407,Verenigde Staten
2,,,,1408,Verenigde Staten
2,,,,1409,Verenigde Staten
2,,,,1410,Verenigde Staten
2,,,,1412,Verenigde Staten
2,,,,1413,Verenigde Staten
2,,,,1414,Verenigde Staten
2,,,,1415,VS (San Francisco)
2,,,,1416,Canada (Toronto)
2,,,,1417,Verenigde Staten
2,,,,1418,Canada (Quebec City)
2,,,,1419,Verenigde Staten
2,,,,1423,Verenigde Staten
2,,,,1424,Verenigde Staten
2,,,,1425,VS (Washington)
2,,,,1434,Verenigde Staten
2,,,,1435,Verenigde Staten
2,,,,1440,VS (Cleveland)
2,,,,1441,Bermuda
2,,,,1442,Verenigde Staten
2,,,,1443,Verenigde Staten
2,,,,1450,Canada
2,,,,1456,Verenigde Staten
2,,,,1464,Verenigde Staten
2,,,,1469,Verenigde Staten
2,,,,1473,Grenada
2,,,,1475,Verenigde Staten
2,,,,1478,Verenigde Staten
2,,,,1484,Verenigde Staten
2,,,,1480,Verenigde Staten
2,,,,1501,Verenigde Staten
2,,,,1502,Verenigde Staten
2,,,,1503,Verenigde Staten
2,,,,1504,Verenigde Staten
2,,,,1505,Verenigde Staten
2,,,,1506,Canada
2,,,,1507,Verenigde Staten
2,,,,1508,Verenigde Staten
2,,,,1509,VS (Washington)
2,,,,1512,Verenigde Staten
2,,,,1510,Verenigde Staten
2,,,,1513,Verenigde Staten
2,,,,1514,Canada (Montreal)
2,,,,1515,Verenigde Staten
2,,,,1516,VS (New York)
2,,,,1517,Verenigde Staten
2,,,,1518,VS (New York)
2,,,,1519,Canada
2,,,,1520,Verenigde Staten
2,,,,1530,Verenigde Staten
2,,,,1540,Verenigde Staten
2,,,,1541,Verenigde Staten
2,,,,1556,Verenigde Staten
2,,,,1559,Verenigde Staten
2,,,,1561,Verenigde Staten
2,,,,1562,VS (Los Angeles)
2,,,,1563,Verenigde Staten
2,,,,1564,Verenigde Staten
2,,,,1570,Verenigde Staten
2,,,,1571,Verenigde Staten
2,,,,1573,Verenigde Staten
2,,,,1580,Verenigde Staten
2,,,,1585,VS (New York)
2,,,,1586,Verenigde Staten
2,,,,1601,Verenigde Staten
2,,,,1602,Verenigde Staten
2,,,,1603,Verenigde Staten
2,,,,1604,Canada (Vancouver)
2,,,,1605,Verenigde Staten
2,,,,1606,Verenigde Staten
2,,,,1607,VS (New York)
2,,,,1608,Verenigde Staten
2,,,,1609,Verenigde Staten
2,,,,1610,Verenigde Staten
2,,,,1612,Verenigde Staten
2,,,,1613,Canada (Ottawa)
2,,,,1614,Verenigde Staten
2,,,,1615,Verenigde Staten
2,,,,1616,Verenigde Staten
2,,,,1617,Verenigde Staten
2,,,,1618,Verenigde Staten
2,,,,1619,Verenigde Staten
2,,,,1623,Verenigde Staten
2,,,,1626,Verenigde Staten
2,,,,1627,Verenigde Staten
2,,,,1628,Verenigde Staten
2,,,,1630,Verenigde Staten
2,,,,1631,VS (New York)
2,,,,1636,Verenigde Staten
2,,,,1641,Verenigde Staten
2,,,,1646,VS (New York)
2,,,,1647,Canada (Toronto)
2,,,,1649,Turks & Caicos Eilanden
2,,,,1649231,Turks & Caicos Eilanden mobiel
2,,,,1649232,Turks & Caicos Eilanden mobiel
2,,,,1649241,Turks & Caicos Eilanden mobiel
2,,,,1649242,Turks & Caicos Eilanden mobiel
2,,,,1649249,Turks & Caicos Eilanden mobiel
2,,,,1650,Verenigde Staten
2,,,,1651,Verenigde Staten
2,,,,1656,Verenigde Staten
2,,,,1657,Verenigde Staten
2,,,,1660,Verenigde Staten
2,,,,1661,Verenigde Staten
2,,,,1662,Verenigde Staten
2,,,,1664,Montserrat
2,,,,1664492,Montserrat mobiel
2,,,,1669,Verenigde Staten
2,,,,1670,Marianas Eilanden & Saipon
2,,,,1671,Guam 1671
2,,,,1678,Verenigde Staten
2,,,,1682,Verenigde Staten
2,,,,1700,Verenigde Staten
2,,,,1701,Verenigde Staten
2,,,,1702,Verenigde Staten
2,,,,1703,Verenigde Staten
2,,,,1704,Verenigde Staten
2,,,,1705,Canada
2,,,,1706,Verenigde Staten
2,,,,1707,Verenigde Staten
2,,,,1708,Verenigde Staten
2,,,,1709,Canada
2,,,,1710,Verenigde Staten
2,,,,1712,Verenigde Staten
2,,,,1713,VS (Houston)
2,,,,1714,Verenigde Staten
2,,,,1715,Verenigde Staten
2,,,,1716,VS (New York)
2,,,,1717,Verenigde Staten
2,,,,1718,VS (New York)
2,,,,1719,Verenigde Staten
2,,,,1720,Verenigde Staten
2,,,,1724,Verenigde Staten
2,,,,1727,Verenigde Staten
2,,,,1732,Verenigde Staten
2,,,,1734,Verenigde Staten
2,,,,1737,Verenigde Staten
2,,,,1740,Verenigde Staten
2,,,,1747,Verenigde Staten
2,,,,1752,Verenigde Staten
2,,,,1758,St. Lucia
2,,,,1757,Verenigde Staten
2,,,,1758485,St Lucia mobiel
2,,,,1758584,St Lucia mobiel
2,,,,1760,Verenigde Staten
2,,,,1763,Verenigde Staten
2,,,,1764,Verenigde Staten
2,,,,1765,Verenigde Staten
2,,,,1767,Dominica
2,,,,1767235,Dominica mobiel
2,,,,1767504,Dominica mobiel
2,,,,1770,VS (Atlanta)
2,,,,1773,VS (Chicago)
2,,,,1774,Verenigde Staten
2,,,,1775,Verenigde Staten
2,,,,1780,Canada (Alberta)
2,,,,1781,Verenigde Staten
2,,,,1784,St. Vincent/Grenadines
2,,,,1784493,St Vincents mobiel
2,,,,1784593,St Vincents mobiel
2,,,,1785,Verenigde Staten
2,,,,1786,Verenigde Staten
2,,,,1787,Puerto Rico
2,,,,1800,Verenigde Staten
2,,,,1801,Verenigde Staten
2,,,,1802,Verenigde Staten
2,,,,1803,Verenigde Staten
2,,,,1804,Verenigde Staten
2,,,,1805,Verenigde Staten
2,,,,1806,Verenigde Staten
2,,,,1807,Canada
2,,,,1808,Hawaii
2,,,,1809,Dominicaanse Republiek
2,,,,18092,Dominicaanse Republiek mobiel
2,,,,1809539,Dominicaanse Republiek mobiel
2,,,,1810,Verenigde Staten
2,,,,1812,Verenigde Staten
2,,,,1813,Verenigde Staten
2,,,,1814,Verenigde Staten
2,,,,1815,Verenigde Staten
2,,,,1816,Verenigde Staten
2,,,,1817,Verenigde Staten
2,,,,1818,VS (Los Angeles)
2,,,,1819,Canada
2,,,,1828,Verenigde Staten
2,,,,1830,Verenigde Staten
2,,,,1831,Verenigde Staten
2,,,,1832,Verenigde Staten
2,,,,1843,Verenigde Staten
2,,,,1845,VS (New York)
2,,,,1847,VS (Chicago)
2,,,,1850,Verenigde Staten
2,,,,1856,Verenigde Staten
2,,,,1857,Verenigde Staten
2,,,,1858,Verenigde Staten
2,,,,1859,Verenigde Staten
2,,,,1860,Verenigde Staten
2,,,,1863,Verenigde Staten
2,,,,1864,Verenigde Staten
2,,,,1865,Verenigde Staten
2,,,,1866,Verenigde Staten
2,,,,1867,Canada
2,,,,1868,Trinidad & Tobago
2,,,,1868620,Trinidad & Tobago mobiel
2,,,,1868675,Trinidad & Tobago mobiel
2,,,,1868678,Trinidad & Tobago mobiel
2,,,,1868680,Trinidad & Tobago mobiel
2,,,,1868681,Trinidad & Tobago mobiel
2,,,,1868682,Trinidad & Tobago mobiel
2,,,,1868683,Trinidad & Tobago mobiel
2,,,,1868684,Trinidad & Tobago mobiel
2,,,,1869,St. Kitts/Nevis
2,,,,1870,Verenigde Staten
2,,,,1872,Verenigde Staten
2,,,,1876,Jamaica
2,,,,187621,Jamaica mobiel
2,,,,1876770,Jamaica mobiel
2,,,,1876790,Jamaica mobiel
2,,,,1876791,Jamaica mobiel
2,,,,1876792,Jamaica mobiel
2,,,,1876797,Jamaica mobiel
2,,,,1876798,Jamaica mobiel
2,,,,1876799,Jamaica mobiel
2,,,,1876812,Jamaica mobiel
2,,,,1876816,Jamaica mobiel
2,,,,1876817,Jamaica mobiel
2,,,,1876819,Jamaica mobiel
2,,,,1876909,Jamaica mobiel
2,,,,1876990,Jamaica mobiel
2,,,,1876995,Jamaica mobiel
2,,,,1876997,Jamaica mobiel
2,,,,1877,Verenigde Staten
2,,,,1888,Verenigde Staten
2,,,,1901,Verenigde Staten
2,,,,1902,Canada
2,,,,1903,Verenigde Staten
2,,,,1904,Verenigde Staten
2,,,,1905,Canada
2,,,,1906,Verenigde Staten
2,,,,1907,VS (Anchorage)
2,,,,1908,Verenigde Staten
2,,,,1909,Verenigde Staten
2,,,,1910,Verenigde Staten
2,,,,1912,Verenigde Staten
2,,,,1913,Verenigde Staten
2,,,,1914,VS (New York)
2,,,,1915,Verenigde Staten
2,,,,1916,Verenigde Staten
2,,,,1917,VS (New York)
2,,,,1918,Verenigde Staten
2,,,,1919,Verenigde Staten
2,,,,1920,Verenigde Staten
2,,,,1925,Verenigde Staten
2,,,,1931,Verenigde Staten
2,,,,1935,Verenigde Staten
2,,,,1936,Verenigde Staten
2,,,,1937,Verenigde Staten
2,,,,1939,Puerto Rico
2,,,,1940,Verenigde Staten
2,,,,1941,Verenigde Staten
2,,,,1947,Verenigde Staten
2,,,,1949,Verenigde Staten
2,,,,1951,Verenigde Staten
2,,,,1952,Verenigde Staten
2,,,,1954,Verenigde Staten
2,,,,1956,Verenigde Staten
2,,,,1959,Verenigde Staten
2,,,,1970,Verenigde Staten
2,,,,1971,Verenigde Staten
2,,,,1972,VS (Dallas)
2,,,,1973,Verenigde Staten
2,,,,1978,Verenigde Staten
2,,,,1979,Verenigde Staten
2,,,,1980,Verenigde Staten
2,,,,1989,Verenigde Staten
2,,,,20,Egypte
2,,,,201,Egypte mobiel
2,,,,202,Egypte (Cairo)
2,,,,212,Marokko
2,,,,212222,Marokko (Casablanca)
2,,,,212223,Marokko (Casablanca)
2,,,,212224,Marokko (Casablanca)
2,,,,212225,Marokko (Casablanca)
2,,,,212226,Marokko (Casablanca)
2,,,,212227,Marokko (Casablanca)
2,,,,212228,Marokko (Casablanca)
2,,,,212229,Marokko (Casablanca)
2,,,,2126,Marokko mobiel
2,,,,213,Algerije
2,,,,21312,Algerije mobiel
2,,,,21313,Algerije mobiel
2,,,,21315,Algerije mobiel
2,,,,21316,Algerije mobiel
2,,,,21317,Algerije mobiel
2,,,,21321,Algerije
2,,,,21398,Algerije mobiel
2,,,,21399,Algerije mobiel
2,,,,216,Tunesië
2,,,,2161,Tunesië (Tunis)
2,,,,218,Libië
2,,,,21698,Tunesië mobiel
2,,,,220,Gambia
2,,,,2209,Gambia mobiel
2,,,,22090,Gambia mobiel
2,,,,22099,Gambia mobiel
2,,,,221,Senegal
2,,,,22163,Senegal mobiel
2,,,,22182,Senegal (Dakar)
2,,,,223,Mali
2,,,,222,Mauritanië
2,,,,224,Guinea
2,,,,225,Ivoorkust
2,,,,2252,Ivoorkust
2,,,,22503,Ivoorkust mobiel
2,,,,226,Burkina Faso
2,,,,227,Niger
2,,,,22790,Niger mobiel
2,,,,22796,Niger mobiel
2,,,,22797,Niger mobiel
2,,,,22798,Niger mobiel
2,,,,228,Togo
2,,,,22799,Niger mobiel
2,,,,2280,Togo mobiel
2,,,,229,Benin
2,,,,230,Mauritius
2,,,,231,Liberia
2,,,,23128,Liberia mobiel
2,,,,23164,Liberia mobiel
2,,,,23165,Liberia mobiel
2,,,,232,Sierra Leone
2,,,,2325,Sierra Leone mobiel
2,,,,233,Ghana
2,,,,23320,Chana mobiel
2,,,,23321,Ghana (Accra)
2,,,,23324,Chana mobiel
2,,,,23327,Chana mobiel
2,,,,23328,Chana mobiel
2,,,,234,Nigeria
2,,,,2341,Nigeria (Lagos)
2,,,,2341320,Nigeria mobiel
2,,,,234470,Nigeria mobiel
2,,,,234774,Nigeria mobiel
2,,,,234775,Nigeria mobiel
2,,,,23480,Nigeria mobiel
2,,,,23490,Nigeria mobiel
2,,,,235,Tsjaad
2,,,,236,Centraal Afrikaanse Republiek
2,,,,237,Kameroen
2,,,,23737,Kameroen (Douala)
2,,,,2375,Kameroen mobiel
2,,,,238,Kaapverdische Eilanden
2,,,,23891,Kaapverdische Eilanden mobiel
2,,,,239,Sao Tome
2,,,,240,Equatoriaal Guinea
2,,,,241,Gabon
2,,,,2412,Gabon mobiel
2,,,,242,Congo
2,,,,2425,Congo mobiel
2,,,,24288,Congo mobiel
2,,,,243,Zaire
2,,,,24388,Zaire mobiel
2,,,,244,Angola
2,,,,24491,Angola mobiel
2,,,,245,Guinea Bissau
2,,,,246,Diego Garcia
2,,,,247,Ascension
2,,,,248,Seychellen
2,,,,24851,Seychellen mobiel
2,,,,249,Sudan
2,,,,250,Rwanda
2,,,,2505,Rwanda mobiel
2,,,,2508,Rwanda mobiel
2,,,,25192,Ethiopië mobiel
2,,,,251,Ethiopië
2,,,,252,Somalië
2,,,,253,Djibouti
2,,,,25380,Djiboiti mobiel
2,,,,254,Kenia
2,,,,25422,Kenia (Nairobi)
2,,,,25471,Kenia mobiel
2,,,,255,Tanzania
2,,,,25522,Tanzania (Dar es Salaam)
2,,,,25524,Tanzania (Zanzibar)
2,,,,25573,Tanzania mobiel
2,,,,255741,Tanzania mobiel
2,,,,255742,Tanzania mobiel
2,,,,255743,Tanzania mobiel
2,,,,255744,Tanzania mobiel
2,,,,255747,Tanzania mobiel
2,,,,255762,Tanzania mobiel
2,,,,256,Uganda
2,,,,25675,Uganda mobiel
2,,,,25676,Uganda mobiel
2,,,,25677,Uganda mobiel
2,,,,257,Burundi
2,,,,2576,Burundi mobiel
2,,,,258,Mozambique
2,,,,25882,Mozambique mobiel
2,,,,260,Zambia
2,,,,260177,Zambia mobiel
2,,,,260178,Zambia mobiel
2,,,,2609570,Zambia mobiel
2,,,,2609675,Zambia mobiel
2,,,,2609676,Zambia mobiel
2,,,,2609678,Zambia mobiel
2,,,,2609777,Zambia mobiel
2,,,,2609778,Zambia mobiel
2,,,,2609779,Zambia mobiel
2,,,,261,Madagascar
2,,,,2613,Madagascar mobiel
2,,,,262,Reunion
2,,,,262692,Reunion mobiel
2,,,,263,Zimbabwe
2,,,,26311,Zimbabwe mobiel
2,,,,26323,Zimbabwe mobiel
2,,,,2637,Zimbabwe mobiel
2,,,,2639,Zimbabwe mobiel
2,,,,264,Namibië
2,,,,26481,Namibië mobiel
2,,,,265,Malawi
2,,,,2658,Malawi mobiel
2,,,,2659,Malawi mobiel
2,,,,266,Lesotho
2,,,,266212,Lesotho mobiel
2,,,,26685,Lesotho mobiel
2,,,,26686,Lesotho mobiel
2,,,,267,Botswana
2,,,,26701,Botswana mobiel
2,,,,26702,Botswana mobiel
2,,,,26771,Botswana mobiel
2,,,,26772,Botswana mobiel
2,,,,268,Swaziland
2,,,,26860,Swaziland mobiel
2,,,,26861,Swaziland mobiel
2,,,,269,Mayotte
2,,,,2696,Mayotte Eiland
2,,,,26965,Mayotte mobiel
2,,,,26966,Mayotte mobiel
2,,,,26967,Mayotte mobiel
2,,,,26968,Mayotte mobiel
2,,,,26969,Mayotte mobiel
2,,,,27,Zuid Afrika
2,,,,2711,Zuid Afrika (Johannesburg)
2,,,,2721,Zuid Afrika (Kaapstad)
2,,,,2772,Zuid Afrika mobiel
2,,,,2773,Zuid Afrika mobiel
2,,,,2781,Zuid Afrika mobiel
2,,,,2782,Zuid Afrika mobiel
2,,,,2783,Zuid Afrika mobiel
2,,,,290,St Helena
2,,,,2784,Zuid Afrika mobiel
2,,,,291,Eritrea
2,,,,297,Aruba
2,,,,298,Faroër Eilanden
2,,,,299,Groenland
2,,,,29949,Groenland mobiel
2,,,,30,Griekenland
2,,,,301,Griekenland (Athene)
2,,,,3093,Griekenland mobiel
2,,,,3094,Griekenland mobiel
2,,,,3095,Griekenland mobiel
2,,,,3097,Griekenland mobiel
2,,,,31,Nederland
2,,,,31610,Nederland mobiel
2,,,,31611,Nederland mobiel
2,,,,31612,Nederland mobiel
2,,,,31613,Nederland mobiel
2,,,,31614,Nederland mobiel
2,,,,31615,Nederland mobiel
2,,,,31616,Nederland mobiel
2,,,,31617,Nederland mobiel
2,,,,31618,Nederland mobiel
2,,,,31619,Nederland mobiel
2,,,,31620,Nederland mobiel
2,,,,31621,Nederland mobiel
2,,,,31622,Nederland mobiel
2,,,,31623,Nederland mobiel
2,,,,31624,Nederland mobiel
2,,,,31626,Nederland mobiel
2,,,,31625,Nederland mobiel
2,,,,31627,Nederland mobiel
2,,,,31628,Nederland mobiel
2,,,,31629,Nederland mobiel
2,,,,31630,Nederland mobiel
2,,,,31640,Nederland mobiel
2,,,,31641,Nederland mobiel
2,,,,31642,Nederland mobiel
2,,,,31644,Nederland mobiel
2,,,,31645,Nederland mobiel
2,,,,31646,Nederland mobiel
2,,,,31647,Nederland mobiel
2,,,,31648,Nederland mobiel
2,,,,31650,Nederland mobiel
2,,,,31651,Nederland mobiel
2,,,,31652,Nederland mobiel
2,,,,31653,Nederland mobiel
2,,,,31654,Nederland mobiel
2,,,,31655,Nederland mobiel
2,,,,32,België
2,,,,322,België (Brussel)
2,,,,323,België (Antwerpen)
2,,,,324,België (Luik)
2,,,,32446,België mobiel
2,,,,3247,België mobiel
2,,,,3248,België mobiel
2,,,,3249,België mobiel
2,,,,329,België (Gent)
2,,,,33,Frankrijk
2,,,,331,Frankrijk (Parijs)
2,,,,33320,Frankrijk (Lille)
2,,,,33321,Frankrijk (Lille)
2,,,,33322,Frankrijk (Reims)
2,,,,33323,Frankrijk (Reims)
2,,,,33324,Frankrijk (Reims)
2,,,,33325,Frankrijk (Reims)
2,,,,33326,Frankrijk (Reims)
2,,,,33327,Frankrijk (Lille)
2,,,,33328,Frankrijk (Lille)
2,,,,33329,France (Strasbourg)
2,,,,33344,Frankrijk (Reims)
2,,,,33351,Frankrijk (Reims)
2,,,,33359,Frankrijk (Reims)
2,,,,33360,Frankrijk (Reims)
2,,,,3338,France (Strasbourg)
2,,,,3339020,France (Strasbourg)
2,,,,3339021,France (Strasbourg)
2,,,,3339022,France (Strasbourg)
2,,,,3339023,France (Strasbourg)
2,,,,3339029,France (Strasbourg)
2,,,,3339038,France (Strasbourg)
2,,,,3339039,France (Strasbourg)
2,,,,3339040,France (Strasbourg)
2,,,,3339041,France (Strasbourg)
2,,,,3339050,France (Strasbourg)
2,,,,33391,Frankrijk (Lille)
2,,,,334,Frankrijk
2,,,,33426,Frankrijk (Lyon)
2,,,,33432,Frankrijk (Marseille)
2,,,,33437,Frankrijk (Lyon)
2,,,,33442,Frankrijk (Marseille)
2,,,,33463,Frankrijk (Lyon)
2,,,,33470,Frankrijk (Lyon)
2,,,,33471,Frankrijk (Lyon)
2,,,,33472,Frankrijk (Lyon)
2,,,,33473,Frankrijk (Lyon)
2,,,,33474,Frankrijk (Lyon)
2,,,,33475,Frankrijk (Lyon)
2,,,,33477,Frankrijk (Lyon)
2,,,,33478,Frankrijk (Lyon)
2,,,,33487,Frankrijk (Lyon)
2,,,,33488,Frankrijk (Marseille)
2,,,,33490,Frankrijk (Marseille)
2,,,,33491,Frankrijk (Marseille)
2,,,,33492,Frankrijk (Marseille)
2,,,,33495,Frankrijk (Marseille)
2,,,,334961,Frankrijk (Marseille)
2,,,,3349620,Frankrijk (Marseille)
2,,,,33603,Frankrijk mobiel
2,,,,33604,Frankrijk mobiel
2,,,,33606,Frankrijk mobiel
2,,,,33607,Frankrijk mobiel
2,,,,33608,Frankrijk mobiel
2,,,,33609,Frankrijk mobiel
2,,,,3361,Frankrijk mobiel
2,,,,33620,Frankrijk mobiel
2,,,,33621,Frankrijk mobiel
2,,,,33622,Frankrijk mobiel
2,,,,33623,Frankrijk mobiel
2,,,,3363,Frankrijk mobiel
2,,,,33630,Frankrijk mobiel
2,,,,33631,Frankrijk mobiel
2,,,,33638,Frankrijk mobiel
2,,,,336481,Frankrijk mobiel
2,,,,336482,Frankrijk mobiel
2,,,,336483,Frankrijk mobiel
2,,,,336484,Frankrijk mobiel
2,,,,336485,Frankrijk mobiel
2,,,,336486,Frankrijk mobiel
2,,,,336487,Frankrijk mobiel
2,,,,33650,Frankrijk mobiel
2,,,,33651,Frankrijk mobiel
2,,,,33653,Frankrijk mobiel
2,,,,33654,Frankrijk mobiel
2,,,,33655,Frankrijk mobiel
2,,,,33656,Frankrijk mobiel
2,,,,33657,Frankrijk mobiel
2,,,,3366,Frankrijk mobiel
2,,,,3367,Frankrijk mobiel
2,,,,3368,Frankrijk mobiel
2,,,,33698,Frankrijk mobiel
2,,,,33699,Frankrijk mobiel
2,,,,3391,Frankrijk (Marseille)
2,,,,34,Spanje
2,,,,346,Spanje mobiel
2,,,,34600,Spanje mobiel
2,,,,34605,Spanje mobiel
2,,,,34606,Spanje mobiel
2,,,,34607,Spanje mobiel
2,,,,34610,Spanje mobiel
2,,,,34617,Spanje mobiel
2,,,,34622,Spanje mobiel
2,,,,34627,Spanje mobiel
2,,,,34637,Spanje mobiel
2,,,,34647,Spanje mobiel
2,,,,34661,Spanje mobiel
2,,,,34662,Spanje mobiel
2,,,,34666,Spanje mobiel
2,,,,34667,Spanje mobiel
2,,,,34670,Spanje mobiel
2,,,,34677,Spanje mobiel
2,,,,34678,Spanje mobiel
2,,,,34687,Spanje mobiel
2,,,,34697,Spanje mobiel
2,,,,34822,Spanje (Canarische Eilanden)
2,,,,34871,Spanje (Balearen)
2,,,,3491,Spanje (Madrid)
2,,,,3493,Spanje (Barcelona)
2,,,,350,Gibraltar
2,,,,35054,Gibraltar mobiel
2,,,,35056,Gibraltar mobiel
2,,,,35057,Gibraltar mobiel
2,,,,35058,Gibraltar mobiel
2,,,,351,Portugal
2,,,,351169,Portugal mobiel
2,,,,351189,Portugal mobiel
2,,,,35121,Portugal (Lissabon)
2,,,,35122,Portugal (Porto)
2,,,,351292,Azoren
2,,,,351291,Madeira
2,,,,351295,Azoren
2,,,,351296,Azoren
2,,,,351609,Portugal mobiel
2,,,,351669,Portugal mobiel
2,,,,351676,Portugal mobiel
2,,,,35191,Portugal mobiel
2,,,,35191990,Portugal mobiel
2,,,,35193,Portugal mobiel
2,,,,351941,Portugal mobiel
2,,,,351943,Portugal mobiel
2,,,,351944,Portugal mobiel
2,,,,351946,Portugal mobiel
2,,,,351947,Portugal mobiel
2,,,,35196,Portugal mobiel
2,,,,3519676,Portugal mobiel
2,,,,352,Luxemburg
2,,,,352021,Luxemburg mobiel
2,,,,352028,Luxemburg mobiel
2,,,,352091,Luxemburg mobiel
2,,,,352098,Luxemburg mobiel
2,,,,353,Ierland
2,,,,35268,Luxemburg mobiel
2,,,,3531,Ierland (Dublin)
2,,,,35361,Ierland (Shannon)
2,,,,35385,Ierland mobiel
2,,,,35386,Ierland mobiel
2,,,,35387,Ierland mobiel
2,,,,35388,Ierland mobiel
2,,,,354,Ijsland
2,,,,354388,Ijsland mobiel
2,,,,354389,Ijsland mobiel
2,,,,354398,Ijsland mobiel
2,,,,354399,Ijsland mobiel
2,,,,3546,Ijsland mobiel
2,,,,3548,Ijsland mobiel
2,,,,354800,Ierland
2,,,,355,Albanië
2,,,,35538,Albanië mobiel
2,,,,35542,Albanië (Tirana)
2,,,,356,Malta
2,,,,3567,Malta mobiel
2,,,,35679,Malta mobiel
2,,,,3569,Malta mobiel
2,,,,357,Cyprus
2,,,,35791,Cyprus mobiel
2,,,,35792,Cyprus mobiel
2,,,,35793,Cyprus mobiel
2,,,,35794,Cyprus mobiel
2,,,,35795,Cyprus mobiel
2,,,,35796,Cyprus mobiel
2,,,,35798,Cyprus mobiel
2,,,,35799,Cyprus mobiel
2,,,,358,Finland
2,,,,3580,Finland (Helsinki)
2,,,,35840,Finland mobiel
2,,,,35841,Finland mobiel
2,,,,35842,Finland mobiel
2,,,,35843,Finland mobiel
2,,,,35844,Finland mobiel
2,,,,35845,Finland mobiel
2,,,,35846,Finland mobiel
2,,,,35847,Finland mobiel
2,,,,35848,Finland mobiel
2,,,,35849,Finland mobiel
2,,,,35850,Finland mobiel
2,,,,3589,Finland (Helsinki)
2,,,,359,Bulgarije
2,,,,3592,Bulgarije (Sofia)
2,,,,35948,Bulgarije mobiel
2,,,,35979,Bulgarije mobiel
2,,,,35987,Bulgarije mobiel
2,,,,35988,Bulgarije mobiel
2,,,,35989,Bulgarije mobiel
2,,,,35998,Bulgarije mobiel
2,,,,36,Hongarije
2,,,,361,Hongarije (Budapest)
2,,,,3620,Hongarije mobiel
2,,,,3630,Hongarije mobiel
2,,,,3660,Hongarije mobiel
2,,,,3670,Hongarije mobiel
2,,,,370,Lithouwen
2,,,,37061,Litouwen mobiel
2,,,,37065,Litouwen mobiel
2,,,,37067,Litouwen mobiel
2,,,,37079,Litouwen mobiel
2,,,,3708,Litouwen mobiel
2,,,,37085,Litouwen mobiel
2,,,,37086,Litouwen mobiel
2,,,,37087,Litouwen mobiel
2,,,,37088,Litouwen mobiel
2,,,,37089,Litouwen mobiel
2,,,,37090,Litouwen mobiel
2,,,,37098,Litouwen mobiel
2,,,,37099,Litouwen mobiel
2,,,,371,Letland
2,,,,37158,Letland mobiel
2,,,,37162,Letland mobiel
2,,,,37163,Letland mobiel
2,,,,37164,Letland mobiel
2,,,,37165,Letland mobiel
2,,,,37167,Letland mobiel
2,,,,37168,Letland mobiel
2,,,,37191,Letland mobiel
2,,,,37192,Letland mobiel
2,,,,37193,Letland mobiel
2,,,,37194,Letland mobiel
2,,,,37195,Letland mobiel
2,,,,37196,Letland mobiel
2,,,,37197,Letland mobiel
2,,,,37198,Letland mobiel
2,,,,3719911,Letland mobiel
2,,,,3719912,Letland mobiel
2,,,,372,Estland
2,,,,37250,Estland mobiel
2,,,,37251,Estland mobiel
2,,,,37252,Estland mobiel
2,,,,37253,Estland mobiel
2,,,,37255,Estland mobiel
2,,,,37256,Estland mobiel
2,,,,373,Moldavië
2,,,,373291,Moldavië mobiel
2,,,,3739,Moldavië mobiel
2,,,,374,Armenië
2,,,,3741,Armenië (Yerevan)
2,,,,3749,Armenië mobiel
2,,,,375,Belarus
2,,,,37517,Belarus (Minsk)
2,,,,37529,Belarus mobiel
2,,,,376,Andorra
2,,,,3763,Andorra mobiel
2,,,,377,Monaco
2,,,,3774,Monaco mobiel
2,,,,37744,Monaco Kosovo mobiel
2,,,,37745,Monaco Kosovo mobiel
2,,,,37747,Monaco Kosovo mobiel
2,,,,3776,Monaco mobiel
2,,,,378,Italië (San Marino)
2,,,,379,Italië (Vaticaanstad)
2,,,,380,Ukraine
2,,,,38044,Ukraine (Kiev)
2,,,,380441,Ukraine (Kiev)
2,,,,380442,Ukraine (Kiev)
2,,,,380443,Ukraine (Kiev)
2,,,,380444,Ukraine (Kiev)
2,,,,380445,Ukraine (Kiev)
2,,,,380448,Ukraine (Kiev)
2,,,,38050,Ukraine mobiel
2,,,,38067,Ukraine mobiel
2,,,,38068,Ukraine mobiel
2,,,,380931,Ukraine mobiel
2,,,,381,Servië/Joegoslavië
2,,,,38111,Servië/Joegoslavië Belgrado
2,,,,381614,Servië/Joegoslavië mobiel
2,,,,38163,Servië/Joegoslavië mobiel
2,,,,38164,Servië/Joegoslavië mobiel
2,,,,381663,Servië/Joegoslavië mobiel
2,,,,381664,Servië/Joegoslavië mobiel
2,,,,38169,Servië/Joegoslavië mobiel
2,,,,385,Kroatië
2,,,,38591,Kroatië mobiel
2,,,,38597,Kroatië mobiel
2,,,,38598,Kroatië mobiel
2,,,,38599,Kroatië mobiel
2,,,,386,Slovenië
2,,,,38630,Slovenië mobiel
2,,,,38631,Slovenië mobiel
2,,,,38640,Slovenië mobiel
2,,,,38641,Slovenië mobiel
2,,,,38650,Slovenië mobiel
2,,,,386609,Slovenië mobiel
2,,,,38670,Slovenië mobiel
2,,,,38671,Slovenië mobiel
2,,,,387,Bosnië Herzegowina
2,,,,38733,Bosnië Herzegowina (Sarajewo)
2,,,,387661,Bosnië Herzegowina mobiel
2,,,,387662,Bosnië Herzegowina mobiel
2,,,,387663,Bosnië Herzegowina mobiel
2,,,,387665,Bosnië Herzegowina mobiel
2,,,,387666,Bosnië Herzegowina mobiel
2,,,,387667,Bosnië Herzegowina mobiel
2,,,,389,Macedonië
2,,,,38970,Macedonië mobiel
2,,,,39,Italië
2,,,,39011,Italië (Turijn)
2,,,,3902,Italië (Milaan)
2,,,,3906,Italië (Rome)
2,,,,39066982,Italië (Vaticaanstad)
2,,,,3932,Italië mobiel
2,,,,39320,Italië mobiel
2,,,,39328,Italië mobiel
2,,,,39329,Italië mobiel
2,,,,3933,Italië mobiel
2,,,,39330,Italië mobiel
2,,,,39333,Italië mobiel
2,,,,39334,Italië mobiel
2,,,,39335,Italië mobiel
2,,,,39336,Italië mobiel
2,,,,39337,Italië mobiel
2,,,,39338,Italië mobiel
2,,,,39339,Italië mobiel
2,,,,3934,Italië mobiel
2,,,,39340,Italië mobiel
2,,,,39347,Italië mobiel
2,,,,39348,Italië mobiel
2,,,,39349,Italië mobiel
2,,,,39360,Italië mobiel
2,,,,39368,Italië mobiel
2,,,,39370,Italië mobiel
2,,,,39377,Italië mobiel
2,,,,3938,Italië mobiel
2,,,,39380,Italië mobiel
2,,,,39388,Italië mobiel
2,,,,39389,Italië mobiel
2,,,,40,Roemenië
2,,,,41,Zwitserland
2,,,,411,Zwitserland (Zurich)
2,,,,4121,Zwitserland (Lausanne)
2,,,,4122,Zwitserland (Geneve)
2,,,,4131,Zwitserland (Bern)
2,,,,4143,Zwitserland (Zurich)
2,,,,4144,Zwitserland (Zurich)
2,,,,4161,Switzerland (Basel)
2,,,,4176,Zwitserland mobiel
2,,,,4177,Zwitserland mobiel
2,,,,4178,Zwitserland mobiel
2,,,,4179,Zwitserland mobiel
2,,,,420,Tsjechische Republiek
2,,,,4202,Tsjechische Republiek (Praag)
2,,,,42020,Tsjechische Republiek
2,,,,420600,Tsechische Republiek mobiel
2,,,,420601,Tsechische Republiek mobiel
2,,,,420602,Tsechische Republiek mobiel
2,,,,420603,Tsechische Republiek mobiel
2,,,,420604,Tsechische Republiek mobiel
2,,,,420605,Tsechische Republiek mobiel
2,,,,420606,Tsechische Republiek mobiel
2,,,,420607,Tsechische Republiek mobiel
2,,,,420608,Tsechische Republiek mobiel
2,,,,42072,Tsechische Republiek mobiel
2,,,,42073,Tsechische Republiek mobiel
2,,,,42077,Tsechische Republiek mobiel
2,,,,42093,Tsechische Republiek mobiel
2,,,,42096,Tsechische Republiek mobiel
2,,,,420961,Tsechische Republiek mobiel
2,,,,420962,Tsechische Republiek mobiel
2,,,,420963,Tsechische Republiek mobiel
2,,,,420964,Tsechische Republiek mobiel
2,,,,420965,Tsechische Republiek mobiel
2,,,,420966,Tsechische Republiek mobiel
2,,,,421,Slowakije
2,,,,507408,Panama mobiel
2,,,,491520,Duitsland mobiel
2,,,,49156,Duitsland mobiel
2,,,,491566,Duitsland mobiel
2,,,,49160,Duitsland mobiel
2,,,,49161,Duitsland mobiel
2,,,,49162,Duitsland mobiel
2,,,,49163,Duitsland mobiel
2,,,,49167,Duitsland mobiel
2,,,,49170,Duitsland mobiel
2,,,,49171,Duitsland mobiel
2,,,,49172,Duitsland mobiel
2,,,,49173,Duitsland mobiel
2,,,,49174,Duitsland mobiel
2,,,,49175,Duitsland mobiel
2,,,,49176,Duitsland mobiel
2,,,,49177,Duitsland mobiel
2,,,,49178,Duitsland mobiel
2,,,,49179,Duitsland mobiel
2,,,,49201,Duitsland (Essen)
2,,,,49211,Duitsland (Dusseldorf)
2,,,,49221,Duitsland (Keulen)
2,,,,49228,Duitsland (Bonn)
2,,,,4930,Duitsland (Berlijn)
2,,,,4940,Duitsland (Hamburg)
2,,,,49511,Duitsland (Hannover)
2,,,,4969,Duitsland (Frankfurt)
2,,,,49711,Duitsland (Stuttgart)
2,,,,4989,Duitsland (Munchen)
2,,,,499,Duitsland (Neurenberg)
2,,,,500,Falkland Eilanden
2,,,,501,Belize
2,,,,502,Guatemala
2,,,,50220,Guatemala mobiel
2,,,,50221,Guatemala mobiel
2,,,,50230,Guatemala mobiel
2,,,,50231,Guatemala mobiel
2,,,,50240,Guatemala mobiel
2,,,,50241,Guatemala mobiel
2,,,,50270,Guatemala mobiel
2,,,,50271,Guatemala mobiel
2,,,,50281,Guatemala mobiel
2,,,,50290,Guatemala mobiel
2,,,,50291,Guatemala mobiel
2,,,,503,El Salvador
2,,,,50338,El Salvador mobiel
2,,,,50339,El Salvador mobiel
2,,,,5037,El Salvador mobiel
2,,,,5038,El Salvador mobiel
2,,,,5039,El Salvador mobiel
2,,,,504,Honduras
2,,,,5049,Honduras mobiel
2,,,,505,Nicaragua
2,,,,50550,Nicaragua mobiel
2,,,,50577,Nicaragua mobiel
2,,,,5058,Nicaragua mobiel
2,,,,5059,Nicaragua mobiel
2,,,,506,Costa Rica
2,,,,506283,Costa Rica mobiel
2,,,,506284,Costa Rica mobiel
2,,,,5063,Costa Rica mobiel
2,,,,506712,Costa Rica mobiel
2,,,,507,Panama
2,,,,5072,Panama mobiel
2,,,,507205,Panama (Panama City)
2,,,,507206,Panama (Panama City)
2,,,,507207,Panama (Panama City)
2,,,,507208,Panama (Panama City)
2,,,,507209,Panama (Panama City)
2,,,,50721,Panama (Panama City)
2,,,,50722,Panama (Panama City)
2,,,,50723,Panama (Panama City)
2,,,,50724,Panama (Panama City)
2,,,,50725,Panama (Panama City)
2,,,,50726,Panama (Panama City)
2,,,,50727,Panama (Panama City)
2,,,,50728,Panama (Panama City)
2,,,,50729,Panama (Panama City)
2,,,,507418,Panama mobiel
2,,,,5076,Panama mobiel
2,,,,5077,Panama mobiel
2,,,,5078,Panama mobiel
2,,,,508,St Pierre/Miquellon
2,,,,509,Haiti
2,,,,509330,Haiti mobiel
2,,,,51,Peru
2,,,,511,Peru (Lima)
2,,,,5118,Peru mobiel
2,,,,5119,Peru mobiel
2,,,,51246,Peru mobiel
2,,,,51346,Peru mobiel
2,,,,51349,Peru mobiel
2,,,,51446,Peru mobiel
2,,,,51449,Peru mobiel
2,,,,51546,Peru mobiel
2,,,,51549,Peru mobiel
2,,,,51646,Peru mobiel
2,,,,51649,Peru mobiel
2,,,,51746,Peru mobiel
2,,,,51749,Peru mobiel
2,,,,51846,Peru mobiel
2,,,,51849,Peru mobiel
2,,,,51946,Peru mobiel
2,,,,51949,Peru mobiel
2,,,,52,Mexico
2,,,,52200,Mexico mobiel
2,,,,525,Mexico (Mexico Stad)
2,,,,53,Cuba
2,,,,5399,Cuba (Guantanamo)
2,,,,54,Argentinië
2,,,,541,Argentinië (Buenos Aires)
2,,,,5414,Argentinië mobiel
2,,,,55,Brazilië
2,,,,5511,Brazilië (Sao Paulo)
2,,,,55119,Brazilië mobiel
2,,,,55129,Brazilië mobiel
2,,,,55139,Brazilië mobiel
2,,,,55149,Brazilië mobiel
2,,,,55159,Brazilië mobiel
2,,,,55169,Brazilië mobiel
2,,,,55179,Brazilië mobiel
2,,,,55189,Brazilië mobiel
2,,,,55199,Brazilië mobiel
2,,,,5521,Brazilië (Rio de Janeiro)
2,,,,55219,Brazilië mobiel
2,,,,55249,Brazilië mobiel
2,,,,55279,Brazilië mobiel
2,,,,55319,Brazilië mobiel
2,,,,55329,Brazilië mobiel
2,,,,55339,Brazilië mobiel
2,,,,55349,Brazilië mobiel
2,,,,55359,Brazilië mobiel
2,,,,55379,Brazilië mobiel
2,,,,55389,Brazilië mobiel
2,,,,55419,Brazilië mobiel
2,,,,55429,Brazilië mobiel
2,,,,55439,Brazilië mobiel
2,,,,55449,Brazilië mobiel
2,,,,55459,Brazilië mobiel
2,,,,55469,Brazilië mobiel
2,,,,55479,Brazilië mobiel
2,,,,55489,Brazilië mobiel
2,,,,55499,Brazilië mobiel
2,,,,55519,Brazilië mobiel
2,,,,55539,Brazilië mobiel
2,,,,55549,Brazilië mobiel
2,,,,55559,Brazilië mobiel
2,,,,5561,Brazil (Brasilia)
2,,,,55619,Brazilië mobiel
2,,,,55629,Brazilië mobiel
2,,,,55639,Brazilië mobiel
2,,,,55659,Brazilië mobiel
2,,,,55664,Brazilië mobiel
2,,,,55679,Brazilië mobiel
2,,,,55689,Brazilië mobiel
2,,,,55699,Brazilië mobiel
2,,,,55719,Brazilië mobiel
2,,,,55739,Brazilië mobiel
2,,,,8536,Macao mobiel
2,,,,855,Cambodja
2,,,,85511,Cambodja mobiel
2,,,,85512,Cambodja mobiel
2,,,,85515,Cambodja mobiel
2,,,,85516,Cambodja mobiel
2,,,,85517,Cambodja mobiel
2,,,,85518,Cambodja mobiel
2,,,,856,Laos
2,,,,86,China
2,,,,8610,China (Beijing)
2,,,,8613,China mobiel
2,,,,8620,China (Guangzhou)
2,,,,8621,China (Shanghai)
2,,,,86755,China (Shenzen)
2,,,,86886,China mobiel
2,,,,870,Inmarsat SNAC
2,,,,87039,Inmarsat B High Speed Data AOR East
2,,,,8705,Inmarsat-Aero
2,,,,8711,Inmarsat Atlantic East A
2,,,,8713,Inmarsat Atlantic East B
2,,,,87139,Inmarsat B High Speed Data AOR East
2,,,,8714,Inmarsat-C
2,,,,8715,Inmersar AERO (Skyphone) Atl. E
2,,,,8716,Inmarsat Atlantic East M
2,,,,87160,Inmarsat-M4-HSD
2,,,,8717,Inmarsat Mini M Atlantic East
2,,,,8718,Inmarsat Atlantic East A
2,,,,871811,Inmarsat-A-Data
2,,,,8719,Inmarsat Atlantic East A
2,,,,8721,Inmarsat Pacific Ocean A
2,,,,8723,Inmarsat Pacific Ocean B
2,,,,87239,Inmarsat B High Speed Data POR
2,,,,8725,Inmersar AERO (Skyphone) Pacific
2,,,,8726,Inmarsat Pacific Ocean M
2,,,,8727,Inmarsat Mini M Pacific
2,,,,8728,Inmarsat Pacific Ocean A
2,,,,8729,Inmarsat Pacific Ocean A
2,,,,8731,Inmarsat Indian Ocean A
2,,,,8733,Inmarsat Indian Ocean B
2,,,,87339,Inmarsat B High Speed Data IOR
2,,,,8735,Inmersar AERO (Skyphone) Indian
2,,,,8736,Inmarsat Indian Ocean M
2,,,,8737,Inmarsat Mini M Indian
2,,,,8738,Inmarsat Indian Ocean A
2,,,,8739,Inmarsat Indian Ocean A
2,,,,8741,Inmarsat Atlantic West A
2,,,,8743,Inmarsat Atlantic West B
2,,,,87439,Inmarsat B High Speed Data AOR West
2,,,,8745,Inmersar AERO (Skyphone) Atl. W
2,,,,8746,Inmarsat Atlantic West M
2,,,,8747,Inmarsat Mini M Atlantic West
2,,,,8748,Inmarsat Atlantic West A
2,,,,8749,Inmarsat Atlantic West A
2,,,,880,Bangladesh
2,,,,8801,Bangladesh mobiel
2,,,,8802,Bangladesh (Dhaka)
2,,,,88031,Bangladesh (Chittagong)
2,,,,880821,Bangladesh (Sylhet)
2,,,,881,GMSS
2,,,,8816,Iridium
2,,,,8817,Iridium
2,,,,88213,Emsat
2,,,,88216,Thuraya satelliet
2,,,,886,Taiwan
2,,,,8862,Taiwan (Taipei)
2,,,,88660,Taiwan mobiel
2,,,,88670,Taiwan mobiel
2,,,,8869,Taiwan mobiel
2,,,,90,Turkije
2,,,,90212,Turkije (Istanbul)
2,,,,90216,Turkije (Istanbul)
2,,,,90242,Turkije (Antalya)
2,,,,9031,Turkije (Ankara)
2,,,,90392,Cyprus-Turkse deel
2,,,,9039285,Cyprus-Turkse deel mobiel
2,,,,905,Turkije mobiel
2,,,,91,India
2,,,,9111,India (New Delhi)
2,,,,9122,India (Bombay)
2,,,,9133,India (Calcutta)
2,,,,91351,India mobiel
2,,,,9140,India (Hyderabad)
2,,,,9144,India (Madras)
2,,,,9180,India (Bangalore)
2,,,,9198,India mobiel
2,,,,92,Pakistan
2,,,,9221,Pakistan (Karachi)
2,,,,923,Pakistan mobiel
2,,,,92300,Pakistan mobiel
2,,,,92303,Pakistan mobiel
2,,,,92320,Pakistan mobiel
2,,,,9242,Pakistan (Lahore)
2,,,,9251,Pakistan (Islamabad)
2,,,,93,Afghanistan
2,,,,94,Sri Lanka
2,,,,9471,Sri Lanka mobiel
2,,,,9472,Sri Lanka mobiel
2,,,,9475,Sri Lanka mobiel
2,,,,9477,Sri Lanka mobiel
2,,,,9478,Sri Lanka mobiel
2,,,,95,Myanmar (Burma)
2,,,,960,Maladiven
2,,,,96077,Maladiven mobiel
2,,,,961,Libanon
2,,,,9611,Libanon (Beiroet)
2,,,,9613,Libanon mobiel
2,,,,962,Jordanië
2,,,,96277,Jordanië mobiel
2,,,,96279,Jordanië mobiel
2,,,,963,Syrisch-Arabische Republiek
2,,,,96393,Syrië mobiel
2,,,,964,Irak
2,,,,965,Kuwait
2,,,,9652,Kuwait mobiel
2,,,,9656,Kuwait mobiel
2,,,,96578,Kuwait mobiel
2,,,,96579,Kuwait mobiel
2,,,,9659,Kuwait mobiel
2,,,,966,Saudi-Arabië
2,,,,9665,Saudi-Arabië mobiel
2,,,,967,Jemen
2,,,,968,Oman
2,,,,970,Palestina
2,,,,97059,Palestina mobiel
2,,,,971,Verenigde Arabische Emiraten
2,,,,97150,Verenigde Arabische Emiraten mobiel
2,,,,972,Israël
2,,,,97222,Palestina
2,,,,9723,Israël (Tel Aviv)
2,,,,9725,Israël mobiel
2,,,,97262,Palestina
2,,,,97264,Israël mobiel
2,,,,97267,Israël mobiel
2,,,,97268,Israël mobiel
2,,,,97272,Palestina
2,,,,97292,Palestina
2,,,,973,Bahrein
2,,,,9739,Bahrein mobiel
2,,,,974,Qatar
2,,,,9742,Qatar mobiel
2,,,,975,Bhutan
2,,,,976,Mongolië
2,,,,977,Nepal
2,,,,9779810,Nepal mobiel
2,,,,98,Iran
2,,,,98911,Iran mobiel
2,,,,992,Tadzjikistan
2,,,,99291,Tadzjikistan mobiel
2,,,,99291807,Tadzjikistan mobiel
2,,,,9929190,Tadzjikistan mobiel
2,,,,993,Turkmenistan
2,,,,994,Azerbeidjan
2,,,,99450,Azerbeidjan mobiel
2,,,,995,Georgië
2,,,,99577,Georgië mobiel
2,,,,996,Kyrgyzstan
2,,,,99631,Kyrgyzstan mobiel
2,,,,99632,Kyrgyzstan mobiel
2,,,,99634,Kyrgyzstan mobiel
2,,,,99635,Kyrgyzstan mobiel
2,,,,99636,Kyrgyzstan mobiel
2,,,,99637,Kyrgyzstan mobiel
2,,,,99639,Kyrgyzstan mobiel
2,,,,996502,Kyrgyzstan mobiel
2,,,,99651,Kyrgyzstan mobiel
2,,,,996517,Kyrgyzstan mobiel
2,,,,998,Oezbekistan
2,,,,5031,BPC voicemail
